{"assets/fonts/Roboto-Medium.ttf":["assets/fonts/Roboto-Medium.ttf"],"assets/icons/checkbox.png":["assets/icons/checkbox.png"],"assets/icons/checkboxHelal.png":["assets/icons/checkboxHelal.png"],"assets/icons/emptyCheckboxHelal.png":["assets/icons/emptyCheckboxHelal.png"],"assets/icons/google.png":["assets/icons/google.png"],"assets/images/GB.png":["assets/images/GB.png"],"assets/images/TR.png":["assets/images/TR.png"],"assets/images/adam.jpeg":["assets/images/adam.jpeg"],"assets/images/anasayfa.png":["assets/images/anasayfa.png"],"assets/images/antrenman.png":["assets/images/antrenman.png"],"assets/images/ayarlar.png":["assets/images/ayarlar.png"],"assets/images/be.jpg":["assets/images/be.jpg"],"assets/images/besin.png":["assets/images/besin.png"],"assets/images/besin1.jpg":["assets/images/besin1.jpg"],"assets/images/besin2.jpg":["assets/images/besin2.jpg"],"assets/images/besin3.jpg":["assets/images/besin3.jpg"],"assets/images/deger.jpg":["assets/images/deger.jpg"],"assets/images/elma.jpeg":["assets/images/elma.jpeg"],"assets/images/gmail.png":["assets/images/gmail.png"],"assets/images/golge.jpeg":["assets/images/golge.jpeg"],"assets/images/instagram.png":["assets/images/instagram.png"],"assets/images/kadin.jpeg":["assets/images/kadin.jpeg"],"assets/images/kadin2.jpeg":["assets/images/kadin2.jpeg"],"assets/images/keyvan.jpg":["assets/images/keyvan.jpg"],"assets/images/koc.jpeg":["assets/images/koc.jpeg"],"assets/images/kullanici.jpg":["assets/images/kullanici.jpg"],"assets/images/linkedin.png":["assets/images/linkedin.png"],"assets/images/pngegg.png":["assets/images/pngegg.png"],"assets/images/spor1.jpg":["assets/images/spor1.jpg"],"assets/images/spor10.jpg":["assets/images/spor10.jpg"],"assets/images/spor2.jpg":["assets/images/spor2.jpg"],"assets/images/spor3.jpg":["assets/images/spor3.jpg"],"assets/images/spor4.jpg":["assets/images/spor4.jpg"],"assets/images/spor5.jpg":["assets/images/spor5.jpg"],"assets/images/spor6.jpg":["assets/images/spor6.jpg"],"assets/images/spor7.jpg":["assets/images/spor7.jpg"],"assets/images/spor8.jpg":["assets/images/spor8.jpg"],"assets/images/spor9.jpg":["assets/images/spor9.jpg"],"assets/images/su.jpg":["assets/images/su.jpg"],"assets/images/whatsapp.png":["assets/images/whatsapp.png"],"assets/images/yapayzeka.png":["assets/images/yapayzeka.png"],"assets/logo/logo.png":["assets/logo/logo.png"],"packages/cupertino_icons/assets/CupertinoIcons.ttf":["packages/cupertino_icons/assets/CupertinoIcons.ttf"]}