{
  "project_info": {
    "project_number": "592881482369",
    "project_id": "takefitapp2",
    "storage_bucket": "takefitapp2.appspot.com"
  },
  "client": [
    {
      "client_info": {
        "mobilesdk_app_id": "1:592881482369:android:f6b9cdfcec00dc79256b80",
        "android_client_info": {
          "package_name": "com.example.take_fit"
        }
      },
      "oauth_client": [],
      "api_key": [
        {
          "current_key": "AIzaSyD4nbGuhPo5m7ojYd8OcwCBTCGL8vYk9cE"
        }
      ],
      "services": {
        "appinvite_service": {
          "other_platform_oauth_client": []
        }
      }
    }
  ],
  "configuration_version": "1"
}